{
  "args": {
    "cancer_type": "BRCA",
    "model": "GAT",
    "pretrain": false,
    "augment": false,
    "data_source": "BENCHMARK",
    "batch_size": 32,
    "epochs": 100,
    "lr": 0.001,
    "weight_decay": 0.0005,
    "patience": 10,
    "hidden_channels": 64,
    "num_layers": 3,
    "dropout": 0.5,
    "seed": 42,
    "grid_search": false,
    "ablation": false,
    "data_dir": "./data",
    "no_wandb": true,
    "export_results": "results/benchmark_results.json",
    "quiet": true
  },
  "dataset": {
    "dataset_name": "sklearn_breast_cancer_wisconsin",
    "dataset_description": "UCI ML Breast Cancer Wisconsin (Diagnostic) via sklearn.datasets.load_breast_cancer; kNN graph in standardized feature space.",
    "k_neighbors": 10,
    "num_nodes": 569,
    "num_edges": 8554
  },
  "test_metrics": {
    "GCN": {
      "accuracy": 0.9302325581395349,
      "f1": 0.9302325581395349,
      "precision": 0.9302325581395349,
      "recall": 0.9302325581395349,
      "loss": 0.18575195968151093,
      "auc_roc": 0.9820601851851852,
      "confusion_matrix": [
        [
          29,
          3
        ],
        [
          3,
          51
        ]
      ]
    },
    "GraphSAGE": {
      "accuracy": 0.9069767441860465,
      "f1": 0.9075086095709177,
      "precision": 0.9090550352520257,
      "recall": 0.9069767441860465,
      "loss": 0.19625131785869598,
      "auc_roc": 0.9826388888888888,
      "confusion_matrix": [
        [
          29,
          3
        ],
        [
          5,
          49
        ]
      ]
    },
    "GAT": {
      "accuracy": 0.9418604651162791,
      "f1": 0.9420360122381422,
      "precision": 0.9424787586261918,
      "recall": 0.9418604651162791,
      "loss": 0.15486928820610046,
      "auc_roc": 0.9855324074074074,
      "confusion_matrix": [
        [
          30,
          2
        ],
        [
          3,
          51
        ]
      ]
    }
  }
}