{
  "args": {
    "cancer_type": "BRCA",
    "model": "GCN",
    "pretrain": false,
    "augment": false,
    "data_source": "BENCHMARK",
    "batch_size": 32,
    "epochs": 80,
    "lr": 0.001,
    "weight_decay": 0.0005,
    "patience": 12,
    "hidden_channels": 64,
    "num_layers": 3,
    "dropout": 0.5,
    "seed": 42,
    "grid_search": false,
    "ablation": false,
    "data_dir": "./data",
    "no_wandb": true,
    "export_results": "results/reproducible_baseline_uwbc.json",
    "quiet": true
  },
  "dataset": {
    "dataset_name": "sklearn_breast_cancer_wisconsin",
    "dataset_description": "UCI ML Breast Cancer Wisconsin (Diagnostic) via sklearn.datasets.load_breast_cancer; kNN graph in standardized feature space.",
    "k_neighbors": 10,
    "num_nodes": 569,
    "num_edges": 8554
  },
  "test_metrics": {
    "GCN": {
      "accuracy": 0.9302325581395349,
      "f1": 0.9302325581395349,
      "precision": 0.9302325581395349,
      "recall": 0.9302325581395349,
      "loss": 0.18139731884002686,
      "auc_roc": 0.984375,
      "confusion_matrix": [
        [
          29,
          3
        ],
        [
          3,
          51
        ]
      ]
    },
    "GraphSAGE": {
      "accuracy": 0.9302325581395349,
      "f1": 0.9306314571781882,
      "precision": 0.9320740818688834,
      "recall": 0.9302325581395349,
      "loss": 0.2170668989419937,
      "auc_roc": 0.9820601851851852,
      "confusion_matrix": [
        [
          30,
          2
        ],
        [
          4,
          50
        ]
      ]
    },
    "GAT": {
      "accuracy": 0.9186046511627907,
      "f1": 0.918332029490553,
      "precision": 0.9183250358044056,
      "recall": 0.9186046511627907,
      "loss": 0.16896843910217285,
      "auc_roc": 0.9855324074074074,
      "confusion_matrix": [
        [
          28,
          4
        ],
        [
          3,
          51
        ]
      ]
    }
  }
}